id,login,name,salary
#########e0001,e0299,Johnathon Cain,6908
e0002,e0298,Guillermo Vang,4633
e0003,e0297,Roland Key,4680
e0004,e0296,Javier Hanna,2496
e0005,e0295,Ian Hudson,9500
e0006,e0294,Rene Spears,5692
e0007,e0293,Marcie Maynard,9607
e0008,e0292,Jordan Arroyo,1521
e0009,e0291,Estelle Navarro,9124
e0010,e0290,Edwin Sutton,6766
#######e0011,e0289,Sherri Mcfarland,2361
e0012,e0288,Lauren Oliver,7085
e0013,e0287,Ruby Lang,4495
e0014,e0286,Ivan Cooley,9996
e0015,e0285,Nona Mueller,7113
e0016,e0284,Pansy Nunez,4368
e0017,e0283,Len Carroll,1989
e0018,e0282,Alonso Castaneda,8415
e0019,e0281,Maura Harrington,1422
e0020,e0280,Sandy Parker,3943
e0021,e0279,Numbers Middleton,6716
e0022,e0278,Hans Black,2113
e0023,e0277,Luz Murillo,9027
e0024,e0276,Marla Cobb,4933
e0025,e0275,Rayford Gallegos,3725
e0026,e0274,Leon Ball,9168
e0027,e0273,Roslyn Stout,8987
e0028,e0272,John Miles,2318
e0029,e0271,Shelby Valencia,7679
e0030,e0270,Sondra Grant,1123
e0031,e0269,Clint Ayers,8616
e0032,e0268,Keri Mckay,1565
e0033,e0267,Rosemarie Carey,1109
e0034,e0266,Patrice Raymond,9948
e0035,e0265,Richard Peterson,9049
e0036,e0264,Caroline Morrison,3118
e0037,e0263,Britney Patel,6733
e0038,e0262,Terri Rasmussen,607
e0039,e0261,Columbus Contreras,2880
e0040,e0260,Alvin Graves,1970
e0041,e0259,Josef Gould,9448
e0042,e0258,Stacy Todd,4946
e0043,e0257,Claudio Nielsen,1502
e0044,e0256,Phil Ramirez,1952
e0045,e0255,Gretchen Rowe,1327
e0046,e0254,Abdul Sanders,10
e0047,e0253,Cameron Barajas,8964
e0048,e0252,Therese Webb,8773
e0049,e0251,Vickie Huynh,8366
e0050,e0250,Theresa Burns,3995
e0051,e0249,Erasmo Woods,8189
e0052,e0248,Beulah Ellis,2633
e0053,e0247,Sheri Berg,4933
e0054,e0246,Carroll Gross,9503
e0055,e0245,Devon Sosa,2760
e0056,e0244,Marie Pittman,6160
e0057,e0243,Sterling Merritt,6648
e0058,e0242,Carlton Warner,7674
e0059,e0241,Erik Hebert,5151
e0060,e0240,Ethel Mueller,1978
e0061,e0239,Andrea Miller,528
e0062,e0238,Blanche Barker,2663
e0063,e0237,Jocelyn Duncan,2143
e0064,e0236,Elbert Humphrey,4305
e0065,e0235,Omer Pearson,1883
e0066,e0234,Cliff Hess,6823
e0067,e0233,Santos Nash,9583
e0068,e0232,Kareem Mcneil,6781
e0069,e0231,Barry Barrett,8980
e0070,e0230,Eli Ellison,2471
e0071,e0229,Theodore Gregory,6828
e0072,e0228,Werner Kane,1970
e0073,e0227,Georgia Cordova,6296
e0074,e0226,Cheryl Duffy,6155
e0075,e0225,Percy Walls,1796
e0076,e0224,Bridget James,9438
e0077,e0223,Reggie Blake,5370
e0078,e0222,Ursula Bruce,7929
e0079,e0221,Elise Rivera,1178
e0080,e0220,Tod Walters,5038
e0081,e0219,Weldon Rangel,7148
e0082,e0218,Earl Guerra,3874
e0083,e0217,Jay Wilson,4767
e0084,e0216,Lyman Maynard,2631
e0085,e0215,Lavonne Irwin,7340
e0086,e0214,Kendra Yoder,4360
e0087,e0213,Mel Brewer,3312
e0088,e0212,Vernon Mejia,463
e0089,e0211,Megan Alvarez,5786
e0090,e0210,Arline Cruz,520
e0091,e0209,Patrick Molina,9911
e0092,e0208,Pasquale Gentry,2921
e0093,e0207,Dario Palmer,1975
e0094,e0206,Sonya Hill,2371
e0095,e0205,Lela Hodge,1934
e0096,e0204,Renaldo Acevedo,9258
e0097,e0203,Caitlin Hunter,5597
e0098,e0202,Lacy Orozco,62
e0099,e0201,Luella Barrera,9681
e0100,e0200,Jerrell Hernandez,420
e0101,e0199,Dante Harvey,1351
e0102,e0198,Raphael Hayden,466
e0103,e0197,Heriberto Davidson,6150
e0104,e0196,Milan Horn,9305
e0105,e0195,Brenda Shannon,898
e0106,e0194,Jolene Dunlap,1294
e0107,e0193,Elliott Wong,5169
e0108,e0192,Celeste Irwin,1605
e0109,e0191,Ernie Dean,9935
#e0110,e0190,Willis Peters,7064
e0111,e0189,Olga Logan,4426
e0112,e0188,Myrna Aguilar,7349
e0113,e0187,Myles Clarke,3384
e0114,e0186,Jackie Mitchell,5048
e0115,e0185,Emanuel Ayers,4331
e0116,e0184,Estella Gentry,8360
e0117,e0183,Inez Levy,9579
e0118,e0182,Tyree Cooke,1757
e0119,e0181,Alicia Villa,8935
e0120,e0180,Ross Stout,3426
e0121,e0179,Andreas Olson,8107
e0122,e0178,Cedric Mccormick,837
e0123,e0177,Bettye Heath,6965
e0124,e0176,Ladonna Estrada,1802
e0125,e0175,Reed Powell,102
e0126,e0174,Issac Simmons,5619
e0127,e0173,Lessie Barr,4353
e0128,e0172,Glenn Collier,4906
e0129,e0171,Adrienne Zavala,3797
e0130,e0170,Fernando Byrd,5887
e0131,e0169,Melanie Mayer,913
e0132,e0168,Dexter Pugh,2609
e0133,e0167,Columbus Chang,4902
e0134,e0166,Isreal Stokes,2869
e0135,e0165,Rhonda Richards,9705
e0136,e0164,Sheena Noble,211
e0137,e0163,Grover Mccarty,2350
e0138,e0162,Giovanni Wheeler,4939
e0139,e0161,Erin Price,2962
e0140,e0160,Miriam Mack,7310
e0141,e0159,Carson Farley,879
e0142,e0158,Terra Cameron,4891
e0143,e0157,Melisa Griffith,5315
e0144,e0156,Bert Petty,3895
e0145,e0155,Terrance Mendez,6062
e0146,e0154,Nita Black,1812
e0147,e0153,Dennis Pitts,4965
e0148,e0152,Michael Howe,8761
e0149,e0151,Eliza Pollard,2620
e0150,e0150,Sofia Randall,9621
e0151,e0149,Abraham Stark,6505
e0152,e0148,Leigh Mclean,989
e0153,e0147,Nathan Irwin,5279
e0154,e0146,Lea Greer,1331
e0155,e0145,Eldridge Delacruz,6816
e0156,e0144,Dane Perez,5258
e0157,e0143,Jorge Manning,770
e0158,e0142,Jeanette Schneider,4869
e0159,e0141,Louise Howell,7137
e0160,e0140,Phoebe Leblanc,5117
e0161,e0139,Melva Clayton,2494
e0162,e0138,Kristin Mckay,6498
e0163,e0137,Gerardo Smith,7806
e0164,e0136,Arnold Curtis,6852
e0165,e0135,Darius Ford,3539
e0166,e0134,Fanny Allison,5178
e0167,e0133,Rosemarie Mendoza,2605
e0168,e0132,Lenard Cameron,18
e0169,e0131,Jame Kaiser,5188
e0170,e0130,Abram Summers,7999
e0171,e0129,Tommy Abbott,3635
e0172,e0128,Sheila Sparks,6580
e0173,e0127,Stefanie Evans,8343
e0174,e0126,Charles Valdez,2091
e0175,e0125,Rosa Arroyo,1930
e0176,e0124,Calvin Mercer,92
e0177,e0123,Luella Black,4526
e0178,e0122,Sebastian Calderon,3797
e0179,e0121,Ian Bray,7118
e0180,e0120,Chadwick Mccarty,9795
e0181,e0119,Carey Robbins,1118
e0182,e0118,Velma Melton,7645
e0183,e0117,Williams Hayes,3083
e0184,e0116,Michele Holden,3865
e0185,e0115,Claud Sexton,3992
e0186,e0114,Scott Stuart,6933
e0187,e0113,Stefan Watkins,3529
e0188,e0112,Armand Norman,1214
e0189,e0111,Celia Montoya,4518
e0190,e0110,Blair Miller,4995
e0191,e0109,Jack Charles,9262
e0192,e0108,Ignacio Warren,4089
e0193,e0107,Odessa Lin,8229
e0194,e0106,Adrian Arellano,6555
e0195,e0105,Sandy Williams,8573
e0196,e0104,Mohamed Bridges,3313
e0197,e0103,Trinidad Wilkins,6612
e0198,e0102,Elisha Steele,1550
e0199,e0101,Silas Callahan,9195
e0200,e0100,Christina Hendrix,2220
e0201,e0099,贺英伟 ,2565
e0202,e0098,郝嘉志,7773
e0203,e0097,Eulália Galas,6489
e0204,e0096,Christian Frederick,9496
e0205,e0095,Willard Kane,8095
e0206,e0094,Malcolm Sutton,7184
e0207,e0093,Stanford Rivera,4197
e0208,e0092,Carolina Bright,5560
e0209,e0091,Ava Cervantes,349
e0210,e0090,Adela Patton,7772
e0211,e0089,Amelia Pierce,4346
e0212,e0088,Clarissa Gates,4554
e0213,e0087,Harland Mcintyre,3814
e0214,e0086,Noble Foster,9860
e0215,e0085,Micah Ortiz,7047
e0216,e0084,Paul Sampson,7757
e0217,e0083,Christoper Carroll,2629
e0218,e0082,Woodrow Dawson,5848
e0219,e0081,Cherry Coleman,1126
e0220,e0080,Rosetta Fowler,1976
e0221,e0079,Ward Clarke,5548
e0222,e0078,Edith Hays,0
e0223,e0077,Rudolf Padilla,848
e0224,e0076,Rhonda Bautista,1902
e0225,e0075,Myra Branch,7294
e0226,e0074,Miranda Richards,547
e0227,e0073,Kaye Sanchez,5058
e0228,e0072,Jerrod Short,4523
e0229,e0071,Laurie Armstrong,1848
e0230,e0070,Bradford Erickson,5009
e0231,e0069,Felton Pollard,336
e0232,e0068,Gale Cobb,6872
e0233,e0067,Shawn Blankenship,6923
e0234,e0066,Micheal Villa,869
e0235,e0065,Gail Knapp,3832
e0236,e0064,Quentin Case,337
e0237,e0063,Sue Cruz,4865
e0238,e0062,Luther Hayden,5196
e0239,e0061,Duane Zamora,30
e0240,e0060,Rico Crane,7644
e0241,e0059,Mai Perez,3493
e0242,e0058,Salvatore Wilkinson,3032
e0243,e0057,Carlene Diaz,4142
e0244,e0056,Jasper Arnold,6649
e0245,e0055,Ethan Medina,5704
e0246,e0054,Faye Thompson,1379
e0247,e0053,Kari Forbes,3842
e0248,e0052,Joanne Mcguire,4684
e0249,e0051,Norma Gillespie,9072
e0250,e0050,Rod Mccarthy,3658
e0251,e0049,Leland Francis,6465
e0252,e0048,Josef Beltran,8093
e0253,e0047,Edgar Nunez,8965
e0254,e0046,Colby Curry,9749
e0255,e0045,Armand Patton,5977
e0256,e0044,Audrey Watts,6474
e0257,e0043,Damon Abbott,7545
e0258,e0042,Devin Rasmussen,1016
e0259,e0041,Lewis Barnett,6819
e0260,e0040,Brianna Blankenship,3557
e0261,e0039,Ella Love,9707
e0262,e0038,Joanne Hardy,9973
e0263,e0037,Beatriz Barnes,2181
e0264,e0036,Mari Hill,5012
e0265,e0035,Tammy Cruz,752
e0266,e0034,Katheryn Garza,4622
e0267,e0033,Janet Parsons,3413
e0268,e0032,Carter Powell,5376
e0269,e0031,Lilia Austin,5455
e0270,e0030,Kara Pena,6670
e0271,e0029,Carlos Booth,4557
e0272,e0028,Casandra Buchanan,1043
e0273,e0027,Melinda Wang,6485
e0274,e0026,Solomon Pittman,3379
e0275,e0025,Kim Calhoun,2802
e0276,e0024,Oliver Kim,5548
e0277,e0023,Deidre Hood,7237
e0278,e0022,Kendra Rhodes,354
e0279,e0021,Hayden Lamb,9155
e0280,e0020,Raul Roy,3383
e0281,e0019,Walton Travis,4980
e0282,e0018,Blaine Wright,9972
e0283,e0017,Anibal Robertson,2927
e0284,e0016,Amelia Ferrell,6391
e0285,e0015,Lucille Underwood,8697
e0286,e0014,Frankie Mosley,3112
e0287,e0013,Ronnie Mitchell,9921
e0288,e0012,Elva Davidson,7171
e0289,e0011,James Mercer,5291
e0290,e0010,COMMENTED,4530
e0291,e0009,Patrick Molina,4308
e0292,e0008,Xavier Yoder,6427
############e0293,e0007,COMMENTED,1142
e0294,e0006,Grace Clark,1725
e0295,e0005,Darryl Payne,1359
e0296,e0004,Elvin Carr,1462
e0297,e0003,Lynn Rosales,4690
e0298,e0002,Maribel Bauer,4047
e0299,e0001,Elijah Mercado,2853
